{
  "shuffle": true,
  "subset": null,
  "min_freq": 75,
  "lower": true,
  "stem": false,
  "analyzer": "char_wb",
  "ngram_max_range": 6,
  "alpha": 0.0001,
  "learning_rate": 0.28642203102099817,
  "power_t": 0.3788510305881938,
  "num_epochs": 100,
  "threshold": 0.41926853818049137
}