{
  "shuffle": true,
  "subset": null,
  "min_freq": 75,
  "lower": true,
  "stem": false,
  "analyzer": "char_wb",
  "ngram_max_range": 4,
  "alpha": 0.0001,
  "learning_rate": 0.17911024111023935,
  "power_t": 0.2468842754701795,
  "num_epochs": 100,
  "threshold": 0.6467423965877417
}